image_name,wrinkles,freakles,glasses,hair_color,hair_top,no_face_shown
unsplash_612.jpg,0,0,1,0,2,0
unsplash_952.jpg,0,1,0,1,2,0
unsplash_984.jpg,0,0,0,1,2,0
unsplash_1003.jpg,0,0,0,3,2,0
unsplash_1092.jpg,0,0,0,8,3,0
unsplash_1155.jpg,0,0,0,8,2,0
unsplash_1193.jpg,0,1,0,0,2,0
unsplash_1488.jpg,0,1,0,8,3,0
unsplash_1501.jpg,0,0,0,8,3,0
unsplash_1634.jpg,0,0,0,8,3,0
unsplash_1948.jpg,0,0,0,0,2,0
unsplash_2049.jpg,0,0,0,8,1,0
unsplash_2211.jpg,0,0,0,8,2,0
unsplash_2319.jpg,0,0,0,8,2,0
unsplash_2396.jpg,0,0,2,8,2,0
unsplash_2421.jpg,0,0,0,8,1,0
unsplash_2453.jpg,0,0,0,8,2,0
unsplash_2539.jpg,0,0,0,8,2,0
unsplash_2667.jpg,0,0,0,8,2,0
unsplash_2743.jpg,0,0,0,8,0,0
unsplash_2813.jpg,0,0,0,1,2,0
unsplash_2853.jpg,0,0,0,6,2,0
unsplash_2942.jpg,0,1,0,1,2,0
unsplash_2993.jpg,0,0,0,8,2,0
unsplash_3012.jpg,0,1,0,8,2,0
unsplash_3069.jpg,0,0,1,8,2,0
unsplash_3228.jpg,0,0,1,8,3,0
unsplash_3253.jpg,0,1,0,8,0,0
unsplash_3640.jpg,0,0,0,8,2,0
unsplash_3716.jpg,0,1,0,8,3,0
unsplash_3748.jpg,0,0,1,8,2,0
unsplash_3780.jpg,0,0,0,8,2,0
unsplash_3856.jpg,0,1,0,8,2,0
unsplash_4049.jpg,0,0,0,8,2,0
unsplash_4081.jpg,0,0,1,8,3,0
unsplash_4396.jpg,0,0,1,8,1,0
unsplash_4761.jpg,0,0,0,3,2,0
unsplash_4920.jpg,0,0,0,8,2,0
unsplash_5104.jpg,0,0,0,1,2,0
unsplash_5243.jpg,0,0,0,1,2,0
unsplash_5268.jpg,0,0,0,1,1,0
unsplash_5787.jpg,0,1,0,8,3,0
unsplash_5851.jpg,0,0,0,8,2,0
unsplash_5864.jpg,0,0,0,8,2,0
unsplash_5975.jpg,0,0,1,8,3,0
unsplash_6165.jpg,0,0,0,8,3,0
unsplash_6222.jpg,0,0,2,8,3,0
unsplash_6235.jpg,0,0,0,1,2,0
unsplash_6318.jpg,0,0,0,8,3,0
unsplash_6324.jpg,0,0,0,6,2,0
unsplash_6415.jpg,0,0,0,0,2,0
unsplash_6484.jpg,0,1,0,1,2,0
unsplash_6503.jpg,0,0,0,8,3,0
unsplash_6730.jpg,0,0,0,1,2,0
unsplash_6794.jpg,0,0,0,8,2,0
unsplash_6883.jpg,0,0,0,1,2,0
unsplash_6953.jpg,0,0,1,8,0,0
unsplash_6978.jpg,0,0,0,8,2,0
unsplash_7054.jpg,0,1,0,3,2,0
unsplash_7194.jpg,0,0,0,8,3,0
unsplash_7239.jpg,0,0,0,3,2,0
unsplash_7252.jpg,0,0,0,8,2,0
unsplash_7465.jpg,0,0,0,8,2,0
unsplash_7580.jpg,0,0,0,3,2,0
unsplash_7656.jpg,1,0,0,2,0,0
unsplash_8213.jpg,0,0,0,8,2,0
unsplash_8509.jpg,0,0,0,8,2,0
unsplash_8598.jpg,1,0,0,5,1,0
unsplash_8797.jpg,0,0,0,8,1,0
unsplash_8816.jpg,0,0,1,8,1,0
unsplash_8880.jpg,0,0,0,8,3,1
unsplash_8975.jpg,1,1,0,8,3,0
unsplash_9118.jpg,0,0,0,8,3,0
unsplash_9163.jpg,0,0,0,8,2,0
unsplash_9289.jpg,0,0,0,8,3,0
unsplash_9372.jpg,0,0,0,1,2,0
unsplash_9398.jpg,0,0,0,1,1,0
unsplash_9560.jpg,0,0,0,8,3,0
unsplash_9694.jpg,0,0,0,8,2,0
unsplash_9713.jpg,0,0,0,8,2,0
unsplash_9977.jpg,1,0,0,5,2,0
unsplash_10015.jpg,0,0,0,1,1,0
unsplash_10565.jpg,0,0,0,1,2,0
unsplash_10622.jpg,0,0,0,8,3,0
unsplash_10701.jpg,0,0,0,1,2,0
unsplash_11163.jpg,0,0,0,1,3,0
unsplash_11208.jpg,0,0,0,8,3,0
unsplash_11421.jpg,0,1,0,7,3,0
unsplash_11453.jpg,0,0,0,8,2,0
unsplash_11485.jpg,0,0,0,1,2,0
unsplash_11529.jpg,0,0,0,1,2,0
unsplash_11593.jpg,0,0,0,1,2,0
unsplash_11612.jpg,0,0,0,8,2,0
unsplash_11826.jpg,0,0,0,8,1,0
unsplash_11929.jpg,0,0,0,3,2,0
unsplash_11955.jpg,0,0,1,1,1,0
unsplash_12031.jpg,0,0,0,1,2,0
unsplash_12120.jpg,0,0,0,8,3,0
unsplash_12212.jpg,0,0,0,8,2,0
unsplash_12270.jpg,0,0,0,8,3,0
unsplash_12321.jpg,1,0,0,6,2,0
unsplash_12385.jpg,0,0,0,0,2,0
unsplash_12508.jpg,0,0,2,1,2,0
unsplash_12601.jpg,0,0,0,8,2,0
unsplash_12775.jpg,0,0,0,8,3,0
unsplash_13080.jpg,0,0,1,8,1,0
unsplash_13196.jpg,0,0,1,8,2,0
unsplash_13209.jpg,0,1,0,0,2,0
unsplash_13222.jpg,0,0,0,1,2,0
unsplash_13286.jpg,0,0,0,0,2,0
unsplash_13494.jpg,0,0,0,8,2,0
unsplash_13526.jpg,0,0,0,8,2,0
unsplash_13636.jpg,0,0,0,8,2,0
unsplash_13727.jpg,0,1,0,1,2,0
unsplash_13805.jpg,1,0,0,5,1,0
unsplash_13870.jpg,0,1,0,8,1,0
unsplash_13883.jpg,1,0,0,8,3,0
unsplash_14013.jpg,1,0,0,0,2,0
unsplash_14026.jpg,0,1,0,3,2,0
unsplash_14229.jpg,0,0,0,1,2,0
unsplash_14338.jpg,0,0,0,0,2,0
unsplash_14409.jpg,0,1,0,1,2,0
unsplash_14435.jpg,0,0,0,8,3,0
unsplash_14573.jpg,0,0,0,8,2,0
unsplash_14664.jpg,1,0,0,8,3,0
unsplash_14690.jpg,0,1,0,6,2,0
unsplash_14796.jpg,0,1,0,1,1,0
unsplash_14809.jpg,0,0,0,8,2,0
unsplash_14835.jpg,0,0,0,8,2,0
unsplash_15056.jpg,0,0,0,1,1,0
unsplash_15107.jpg,0,0,0,8,2,0
unsplash_15159.jpg,0,0,0,1,1,0
unsplash_15217.jpg,0,0,1,0,2,0
unsplash_15316.jpg,0,0,0,8,2,0
unsplash_15504.jpg,1,0,0,5,1,0
unsplash_15543.jpg,0,0,0,8,2,0
unsplash_15653.jpg,0,0,0,1,2,0
unsplash_15752.jpg,0,1,0,1,2,0
unsplash_15830.jpg,0,1,0,6,2,0
unsplash_16037.jpg,0,0,1,8,3,0
unsplash_16121.jpg,0,0,1,8,1,0
unsplash_16226.jpg,0,0,0,8,2,0
unsplash_16278.jpg,0,0,0,1,2,0
unsplash_16355.jpg,0,0,0,1,2,0
unsplash_16856.jpg,0,0,0,8,1,0
unsplash_16940.jpg,0,0,0,3,2,0
unsplash_16959.jpg,0,1,0,1,2,0
unsplash_17017.jpg,0,0,0,8,3,0
unsplash_17081.jpg,0,0,0,8,3,0
unsplash_17335.jpg,0,1,0,8,2,0
unsplash_17512.jpg,0,0,0,8,2,0
unsplash_17629.jpg,0,0,0,8,2,0
unsplash_17754.jpg,0,0,0,8,2,0
unsplash_17871.jpg,0,0,1,8,2,0
unsplash_17929.jpg,0,0,0,8,2,0
unsplash_17955.jpg,0,0,0,8,2,0
unsplash_18249.jpg,0,0,1,8,2,0
unsplash_18262.jpg,1,1,0,3,2,0
unsplash_18346.jpg,0,0,0,1,2,0
unsplash_18430.jpg,0,0,0,6,2,0
unsplash_18514.jpg,0,0,0,6,1,0
unsplash_18613.jpg,0,1,0,3,2,0
unsplash_18626.jpg,0,0,2,8,3,0
unsplash_18678.jpg,0,0,0,3,2,0
unsplash_19139.jpg,0,0,1,1,1,0
unsplash_19400.jpg,0,0,0,5,1,0
unsplash_19491.jpg,0,0,0,1,1,0
unsplash_19616.jpg,0,0,0,8,2,0
unsplash_19759.jpg,0,0,0,8,1,0
unsplash_19798.jpg,0,0,0,8,3,0
unsplash_19850.jpg,0,0,0,8,3,0
unsplash_19980.jpg,0,0,0,8,2,0
unsplash_20019.jpg,0,0,0,8,1,0
unsplash_20032.jpg,0,0,0,1,2,0
unsplash_20116.jpg,0,0,0,3,2,0
unsplash_20520.jpg,0,0,0,8,2,0
unsplash_20630.jpg,0,0,0,0,1,0
unsplash_20721.jpg,0,0,0,8,2,0
unsplash_20969.jpg,0,0,0,8,2,0
unsplash_21276.jpg,0,0,0,1,2,0
unsplash_21315.jpg,1,1,0,1,1,0
unsplash_21360.jpg,0,0,0,6,1,0
unsplash_21451.jpg,0,0,0,8,1,0
unsplash_21464.jpg,0,0,0,1,2,0
unsplash_21490.jpg,0,0,0,8,0,0
unsplash_21797.jpg,0,1,0,6,2,0
unsplash_21823.jpg,0,0,0,1,2,0
unsplash_22308.jpg,0,0,0,8,3,0
unsplash_22626.jpg,0,0,0,0,2,0
unsplash_22742.jpg,0,0,0,8,2,0
unsplash_22852.jpg,0,0,0,8,3,0
unsplash_22904.jpg,0,0,0,8,3,1
unsplash_22995.jpg,0,0,0,8,2,0
unsplash_23021.jpg,0,1,1,1,2,0
unsplash_23170.jpg,0,0,0,8,3,0
unsplash_23267.jpg,0,0,0,3,2,0
unsplash_23338.jpg,1,0,0,6,2,0
unsplash_23496.jpg,0,0,0,1,2,0
unsplash_23548.jpg,0,0,0,8,2,0
unsplash_23786.jpg,0,0,0,8,2,0
unsplash_24073.jpg,0,0,1,8,3,0
unsplash_24437.jpg,0,0,1,1,2,0
unsplash_24469.jpg,1,1,0,8,1,0
unsplash_24521.jpg,0,0,1,1,2,0
unsplash_24553.jpg,0,0,0,1,1,0
unsplash_24566.jpg,0,0,0,1,2,0
unsplash_24644.jpg,0,0,0,8,3,0
unsplash_24760.jpg,0,0,0,8,2,0
unsplash_25014.jpg,0,0,0,8,3,0
unsplash_25092.jpg,0,0,0,3,2,0
unsplash_25202.jpg,0,0,0,1,2,0
unsplash_25417.jpg,0,0,2,1,2,0
unsplash_25590.jpg,0,1,0,8,3,0
unsplash_25648.jpg,0,0,0,8,1,0
unsplash_25680.jpg,0,1,0,4,2,0
unsplash_25948.jpg,0,0,0,8,2,0
unsplash_25974.jpg,0,1,0,6,2,0
unsplash_25987.jpg,0,0,0,8,2,0
unsplash_26000.jpg,0,0,0,8,2,0
unsplash_26158.jpg,0,0,0,8,3,0
unsplash_26359.jpg,0,0,0,0,2,0
unsplash_26482.jpg,0,0,2,8,2,0
unsplash_26684.jpg,1,1,0,8,1,0
unsplash_26703.jpg,0,0,0,8,2,0
unsplash_26813.jpg,0,0,0,8,2,0
unsplash_26826.jpg,0,0,0,8,2,0
unsplash_26942.jpg,0,0,1,0,2,0
unsplash_26993.jpg,0,0,1,8,2,0
unsplash_27012.jpg,0,0,0,0,2,0
unsplash_27143.jpg,1,0,0,8,1,0
unsplash_27337.jpg,0,1,0,6,2,0
unsplash_27423.jpg,0,0,0,8,2,0
unsplash_27734.jpg,0,0,0,1,2,0
unsplash_27799.jpg,0,0,0,8,1,0
unsplash_27856.jpg,0,0,0,1,2,0
unsplash_27981.jpg,0,0,0,8,3,0
unsplash_28013.jpg,0,0,0,8,2,0
unsplash_28194.jpg,0,0,0,1,2,0
unsplash_28220.jpg,0,0,0,1,2,0
unsplash_28533.jpg,0,0,0,7,1,0
unsplash_28546.jpg,0,0,0,8,2,0
unsplash_28740.jpg,0,0,0,8,3,0
unsplash_28791.jpg,0,1,0,8,2,0
unsplash_28973.jpg,0,0,0,8,0,0
unsplash_28999.jpg,0,0,0,8,3,0
unsplash_29109.jpg,1,0,0,8,0,0
unsplash_29122.jpg,0,0,1,8,3,0
unsplash_29219.jpg,0,0,0,8,2,0
unsplash_29232.jpg,0,0,0,8,2,0
unsplash_29316.jpg,0,1,0,8,3,0
unsplash_29460.jpg,0,0,0,0,2,0
unsplash_29538.jpg,0,0,0,1,2,0
unsplash_29654.jpg,0,0,0,6,1,0
unsplash_29712.jpg,0,0,0,7,2,0
unsplash_29770.jpg,0,0,0,8,3,0
unsplash_29837.jpg,0,0,0,3,2,0
unsplash_29928.jpg,0,0,0,1,2,0
unsplash_30025.jpg,0,0,0,3,2,0
unsplash_30180.jpg,0,0,0,1,2,0
unsplash_30357.jpg,0,0,0,8,1,0
unsplash_30428.jpg,0,0,0,8,1,0
unsplash_30570.jpg,0,0,1,7,2,0
unsplash_30728.jpg,0,0,0,3,2,0
unsplash_30994.jpg,0,0,1,8,2,0
unsplash_31052.jpg,0,0,0,8,3,0
unsplash_31261.jpg,0,0,0,8,2,0
unsplash_31339.jpg,0,0,0,8,2,0
unsplash_31377.jpg,1,0,0,2,2,0
unsplash_31474.jpg,0,0,1,1,1,0
unsplash_31480.jpg,0,0,0,1,2,0
unsplash_31586.jpg,0,0,0,8,2,0
unsplash_32023.jpg,0,0,0,1,2,0
unsplash_32107.jpg,0,0,1,8,2,0
unsplash_32159.jpg,0,0,0,8,0,0
unsplash_32210.jpg,0,0,0,8,2,0
unsplash_32235.jpg,0,0,0,8,2,0
unsplash_32638.jpg,0,0,0,0,2,0
unsplash_32676.jpg,0,0,0,8,3,0
unsplash_32931.jpg,0,0,0,8,3,0
unsplash_33237.jpg,0,0,1,7,2,0
unsplash_33385.jpg,0,1,0,8,3,0
unsplash_33450.jpg,0,0,0,8,3,0
unsplash_33541.jpg,0,0,2,0,2,0
unsplash_33796.jpg,0,0,0,8,3,0
unsplash_33809.jpg,0,0,0,1,2,0
unsplash_33822.jpg,0,0,0,8,3,0
unsplash_33906.jpg,0,0,0,1,2,0
unsplash_33958.jpg,0,0,0,8,3,1
unsplash_33990.jpg,0,0,0,8,3,0
unsplash_34200.jpg,0,0,0,1,2,0
unsplash_34420.jpg,0,0,0,1,2,0
unsplash_34536.jpg,1,0,0,0,2,0
unsplash_34668.jpg,0,0,0,1,1,0
unsplash_34985.jpg,0,1,0,8,3,0
unsplash_35026.jpg,0,0,0,1,2,0
unsplash_35155.jpg,0,0,1,8,3,0
unsplash_35245.jpg,1,0,0,2,2,0
unsplash_35472.jpg,0,0,0,8,2,0
unsplash_35498.jpg,1,0,0,8,2,0
unsplash_35511.jpg,0,0,0,8,3,0
unsplash_35524.jpg,0,1,0,8,2,0
unsplash_35563.jpg,0,0,0,1,2,0
unsplash_35589.jpg,0,0,0,8,3,0
unsplash_35608.jpg,0,0,2,0,2,0
unsplash_35717.jpg,0,0,0,1,2,0
unsplash_35762.jpg,0,0,0,8,3,0
unsplash_35788.jpg,0,0,0,0,2,0
unsplash_35807.jpg,1,0,0,6,2,0
unsplash_35891.jpg,0,0,0,8,2,0
unsplash_36106.jpg,0,0,0,8,3,0
unsplash_36164.jpg,0,0,0,8,2,0
unsplash_36280.jpg,0,0,0,3,2,0
unsplash_36350.jpg,0,0,0,8,3,0
unsplash_36404.jpg,0,0,0,0,2,0
unsplash_36495.jpg,0,0,0,8,2,0
unsplash_36560.jpg,0,0,0,0,2,0
unsplash_36579.jpg,0,0,2,8,3,0
unsplash_36630.jpg,0,0,0,6,2,0
unsplash_36669.jpg,0,0,0,8,2,0
unsplash_36768.jpg,0,0,0,1,1,0
unsplash_36885.jpg,0,0,0,1,1,0
unsplash_37052.jpg,0,0,0,1,1,0
unsplash_37104.jpg,0,0,0,8,3,1
unsplash_37292.jpg,0,0,1,8,3,0
unsplash_37369.jpg,0,0,0,8,2,0
unsplash_37433.jpg,1,0,0,8,2,0
unsplash_37600.jpg,0,0,0,5,2,0
unsplash_38014.jpg,0,0,2,0,2,0
unsplash_38053.jpg,0,0,0,6,2,0
unsplash_38066.jpg,0,0,0,3,2,0
unsplash_38105.jpg,0,0,0,8,3,0
unsplash_38516.jpg,0,0,0,8,2,0
unsplash_38606.jpg,0,0,0,8,3,0
unsplash_38651.jpg,0,0,0,1,2,0
unsplash_38709.jpg,0,0,0,1,2,0
unsplash_38722.jpg,0,0,1,6,2,0
unsplash_38911.jpg,1,0,0,1,1,0
unsplash_39008.jpg,0,0,0,8,2,0
unsplash_39046.jpg,0,0,0,8,3,0
unsplash_39117.jpg,0,0,0,0,2,0
unsplash_39162.jpg,0,1,0,0,2,0
unsplash_39259.jpg,0,1,0,0,2,0
unsplash_39272.jpg,0,0,0,0,2,0
unsplash_39291.jpg,0,0,0,8,2,0
unsplash_39531.jpg,0,0,0,1,2,0
unsplash_39576.jpg,0,0,0,1,3,0
unsplash_39621.jpg,0,0,0,3,2,0
unsplash_39666.jpg,0,1,0,1,2,0
unsplash_39685.jpg,0,0,0,8,2,0
unsplash_39730.jpg,0,0,0,8,1,0
unsplash_39829.jpg,0,0,0,8,1,0
unsplash_39867.jpg,0,0,0,8,2,0
unsplash_40005.jpg,0,0,0,4,2,0
unsplash_40069.jpg,0,0,0,8,1,0
unsplash_40114.jpg,0,0,0,8,2,0
unsplash_40153.jpg,0,0,0,8,2,0
unsplash_40166.jpg,0,0,0,1,1,0
unsplash_40192.jpg,0,0,0,8,3,0
unsplash_40406.jpg,0,0,0,8,3,0
unsplash_40458.jpg,0,0,0,8,2,0
unsplash_40525.jpg,0,0,0,8,3,1
unsplash_40790.jpg,0,0,0,1,1,0
unsplash_40816.jpg,0,0,0,8,2,0
unsplash_40900.jpg,0,0,0,2,1,0
unsplash_41025.jpg,0,0,0,8,3,0
unsplash_41050.jpg,0,0,0,8,3,0
unsplash_41108.jpg,1,1,0,8,3,0
unsplash_41134.jpg,0,0,0,8,3,1
unsplash_41246.jpg,0,0,2,8,2,0
unsplash_41414.jpg,0,0,0,8,2,0
unsplash_41492.jpg,0,0,0,1,2,0
unsplash_41537.jpg,0,0,0,6,2,0
unsplash_41694.jpg,0,0,0,8,2,0
unsplash_41726.jpg,0,0,0,0,2,0
unsplash_41778.jpg,0,0,0,3,2,0
unsplash_41804.jpg,0,0,2,8,3,0
unsplash_41939.jpg,0,0,0,8,2,0
unsplash_41960.jpg,0,1,0,0,2,0
unsplash_42038.jpg,0,0,0,8,3,1
unsplash_42142.jpg,0,0,2,8,1,0
unsplash_42331.jpg,0,0,0,1,2,0
unsplash_42382.jpg,0,0,0,8,2,0
unsplash_42459.jpg,0,0,0,1,1,0
unsplash_42491.jpg,0,1,0,8,2,0
unsplash_42556.jpg,0,0,0,8,2,0
unsplash_42608.jpg,0,0,0,8,3,0
unsplash_42634.jpg,0,0,0,1,2,0
unsplash_42765.jpg,0,0,2,8,2,0
unsplash_42849.jpg,0,0,0,8,2,0
unsplash_42875.jpg,0,0,0,6,2,0
unsplash_42888.jpg,0,0,1,8,2,0
unsplash_43240.jpg,0,0,1,3,2,0
unsplash_43311.jpg,0,0,2,8,3,0
unsplash_43427.jpg,0,0,0,8,3,0
unsplash_43513.jpg,0,0,0,8,2,0
unsplash_43604.jpg,0,0,0,8,3,0
unsplash_43727.jpg,0,0,0,8,0,0
unsplash_43869.jpg,0,0,2,1,2,0
unsplash_43978.jpg,0,0,0,8,2,0
unsplash_44038.jpg,0,0,0,6,2,0
unsplash_44242.jpg,0,0,0,8,3,0
unsplash_44293.jpg,0,0,0,8,2,0
unsplash_44508.jpg,1,0,0,5,1,0
unsplash_44534.jpg,0,0,0,8,3,0
unsplash_44611.jpg,0,1,2,1,2,0
unsplash_44663.jpg,0,0,0,8,2,0
unsplash_44689.jpg,0,0,0,8,0,0
unsplash_44747.jpg,0,0,0,8,2,0
unsplash_44850.jpg,1,0,0,6,3,0
unsplash_45033.jpg,0,0,2,1,1,0
unsplash_45099.jpg,0,0,0,3,2,0
unsplash_45346.jpg,0,0,2,1,2,0
unsplash_45430.jpg,0,0,0,8,3,0
unsplash_45514.jpg,0,0,0,1,2,0
unsplash_45793.jpg,0,0,0,8,3,1
unsplash_45870.jpg,0,0,0,6,2,0
unsplash_46104.jpg,0,0,0,8,2,0
unsplash_46136.jpg,1,0,0,8,3,0
unsplash_46285.jpg,0,0,0,8,2,0
unsplash_46330.jpg,0,0,0,1,3,0
unsplash_46369.jpg,0,0,0,8,3,0
unsplash_46401.jpg,0,0,0,1,1,0
unsplash_46622.jpg,0,0,0,1,1,0
unsplash_46635.jpg,0,0,0,8,3,0
unsplash_46816.jpg,1,0,0,8,3,0
unsplash_46848.jpg,0,0,0,8,2,0
unsplash_46986.jpg,0,1,0,0,2,0
unsplash_47134.jpg,0,0,0,1,2,0
unsplash_47199.jpg,0,0,0,8,3,0
unsplash_47357.jpg,0,0,0,8,1,0
unsplash_47428.jpg,0,0,0,1,1,0
unsplash_47577.jpg,0,0,0,8,3,0
unsplash_47583.jpg,0,0,0,0,1,0
unsplash_47615.jpg,0,0,0,1,2,0
unsplash_47804.jpg,0,0,0,8,2,0
unsplash_47920.jpg,0,1,0,6,2,0
unsplash_48064.jpg,0,0,0,8,3,0
unsplash_48135.jpg,0,0,0,1,2,0
unsplash_48265.jpg,0,0,1,1,1,0
unsplash_48420.jpg,0,0,0,1,1,0
unsplash_48571.jpg,0,0,0,8,3,0
unsplash_48668.jpg,0,0,2,1,2,0
unsplash_48720.jpg,0,0,0,8,2,0
unsplash_48830.jpg,0,0,0,8,3,1
unsplash_48914.jpg,0,0,0,8,3,0
unsplash_48968.jpg,0,0,2,8,3,0
unsplash_49026.jpg,0,0,0,8,1,0
unsplash_49071.jpg,0,0,0,8,2,0
unsplash_49129.jpg,0,0,0,8,1,0
unsplash_49155.jpg,0,0,0,8,3,0
unsplash_49245.jpg,0,0,0,8,2,0
unsplash_49486.jpg,0,0,2,8,3,0
unsplash_49750.jpg,0,0,2,8,3,0
unsplash_49847.jpg,0,0,0,3,1,0
unsplash_49888.jpg,0,1,0,1,2,0
unsplash_49901.jpg,0,0,0,8,3,0
unsplash_49990.jpg,0,0,0,8,3,0
unsplash_50029.jpg,0,0,0,8,0,0
unsplash_50055.jpg,0,0,0,8,2,0
unsplash_50268.jpg,0,0,0,1,2,0
unsplash_50360.jpg,0,0,0,8,3,0
unsplash_50379.jpg,0,1,0,1,2,0
unsplash_50598.jpg,0,0,0,1,2,0
unsplash_50675.jpg,0,0,0,8,3,0
unsplash_50688.jpg,0,0,0,8,2,0
unsplash_50701.jpg,0,1,0,3,2,0
unsplash_50780.jpg,0,0,1,0,2,0
unsplash_50864.jpg,0,0,0,1,2,0
unsplash_50890.jpg,0,0,0,8,2,0
unsplash_51000.jpg,0,0,0,3,2,0
unsplash_51019.jpg,0,0,1,8,3,0
unsplash_51032.jpg,0,0,0,1,2,0
unsplash_51116.jpg,0,0,0,8,2,0
unsplash_51234.jpg,0,0,0,1,2,0
unsplash_51273.jpg,0,0,0,8,3,0
unsplash_51357.jpg,0,0,1,8,3,0
unsplash_51421.jpg,0,0,1,5,0,0
unsplash_51505.jpg,0,0,0,6,2,0
unsplash_51570.jpg,0,0,0,3,2,0
unsplash_51660.jpg,0,0,0,8,2,0
unsplash_51714.jpg,0,0,0,0,2,0
unsplash_51778.jpg,0,0,0,8,2,0
unsplash_51868.jpg,0,0,0,1,2,0
unsplash_51945.jpg,0,0,0,1,2,0
unsplash_51984.jpg,0,0,0,8,3,0
unsplash_52115.jpg,0,0,2,8,3,0
unsplash_52205.jpg,0,0,0,8,3,0
unsplash_52294.jpg,0,0,2,1,2,0
unsplash_52313.jpg,0,0,0,8,3,0
unsplash_52338.jpg,0,0,0,6,2,0
unsplash_52422.jpg,0,0,0,8,2,0
unsplash_52518.jpg,0,0,1,1,2,0
unsplash_52656.jpg,0,0,0,8,2,0
unsplash_52740.jpg,0,0,0,3,2,0
unsplash_52759.jpg,0,0,1,8,3,0
unsplash_52772.jpg,0,0,0,8,2,0
unsplash_52798.jpg,0,0,0,8,3,0
unsplash_52817.jpg,0,0,0,6,2,0
unsplash_52933.jpg,0,0,0,8,3,0
unsplash_52946.jpg,0,0,0,8,3,0
unsplash_53058.jpg,0,0,0,8,2,0
unsplash_53097.jpg,0,0,2,6,2,0
unsplash_53135.jpg,0,0,0,8,2,0
unsplash_53200.jpg,0,0,0,0,2,0
unsplash_53286.jpg,0,0,0,1,2,0
unsplash_53582.jpg,0,0,0,8,3,0
unsplash_53614.jpg,0,0,1,1,2,0
unsplash_53842.jpg,0,0,2,0,2,0
unsplash_53971.jpg,0,0,0,8,3,0
unsplash_54457.jpg,0,0,0,1,2,0
unsplash_54523.jpg,0,1,0,8,3,0
unsplash_54601.jpg,0,0,0,1,2,0
unsplash_54717.jpg,0,0,0,8,2,0
unsplash_54788.jpg,0,0,0,8,3,0
unsplash_54923.jpg,0,0,0,8,3,0
unsplash_55006.jpg,0,0,0,1,2,0
unsplash_55099.jpg,0,0,1,8,3,0
unsplash_55125.jpg,0,0,0,8,3,0
unsplash_55157.jpg,0,0,2,8,3,0
unsplash_55318.jpg,0,0,0,8,3,0
unsplash_55356.jpg,0,0,0,6,2,0
unsplash_55578.jpg,0,0,0,1,0,0
unsplash_55604.jpg,0,0,0,1,2,0
unsplash_55668.jpg,0,0,0,8,2,0
unsplash_55777.jpg,0,0,1,8,2,0
unsplash_55783.jpg,0,0,0,8,2,0
unsplash_55867.jpg,0,0,0,8,3,0
unsplash_56136.jpg,0,0,0,8,3,0
unsplash_56271.jpg,0,0,0,8,3,1
unsplash_56360.jpg,0,1,0,5,2,0
unsplash_56418.jpg,0,0,0,8,2,0
unsplash_56456.jpg,0,0,2,8,3,0
unsplash_56540.jpg,0,0,0,8,2,0
unsplash_56659.jpg,0,0,0,0,2,0
unsplash_56665.jpg,0,0,1,8,3,0
unsplash_56801.jpg,0,0,0,1,1,0
unsplash_56996.jpg,0,0,0,8,2,0
unsplash_57151.jpg,0,0,0,1,2,0
unsplash_57332.jpg,0,0,0,1,2,0
unsplash_57515.jpg,0,0,0,1,2,0
unsplash_57560.jpg,0,0,1,1,2,0
unsplash_57677.jpg,0,0,0,7,2,0
unsplash_57761.jpg,0,0,0,8,2,0
unsplash_57930.jpg,0,1,0,0,2,0
unsplash_57969.jpg,0,0,0,1,2,0
unsplash_58008.jpg,0,0,0,1,2,0
unsplash_58117.jpg,0,0,0,8,3,0
unsplash_58390.jpg,0,0,0,8,2,0
unsplash_58415.jpg,0,0,0,1,2,0
unsplash_58536.jpg,0,0,0,1,2,0
unsplash_58568.jpg,0,0,0,8,2,0
unsplash_58893.jpg,0,0,0,8,3,0
unsplash_58944.jpg,0,0,0,3,2,0
unsplash_59105.jpg,0,0,0,3,2,0
unsplash_59202.jpg,0,0,0,8,3,0
unsplash_59255.jpg,0,1,0,0,2,0
unsplash_59371.jpg,0,0,1,1,2,0
unsplash_59786.jpg,0,0,0,8,1,0
unsplash_60141.jpg,0,0,0,3,2,0
unsplash_60173.jpg,0,0,0,8,1,0
unsplash_60263.jpg,0,0,0,8,2,0
unsplash_60347.jpg,1,1,0,8,3,0
unsplash_60569.jpg,0,0,0,1,2,0
unsplash_60761.jpg,0,0,1,8,3,0
unsplash_61002.jpg,1,0,0,6,2,0
unsplash_61203.jpg,0,0,0,3,2,0
unsplash_61312.jpg,0,0,0,1,2,0
unsplash_61369.jpg,0,0,0,8,2,0
unsplash_61517.jpg,0,0,0,0,2,0
unsplash_61562.jpg,0,0,0,0,2,0
unsplash_61575.jpg,0,0,0,1,2,0
unsplash_61681.jpg,0,0,2,1,2,0
unsplash_61758.jpg,0,0,0,7,2,0
unsplash_61965.jpg,0,0,0,7,2,0
unsplash_61991.jpg,0,1,0,3,2,0
unsplash_62074.jpg,0,0,0,8,2,0
unsplash_62119.jpg,0,0,0,0,2,0
unsplash_62132.jpg,0,0,0,1,2,0
unsplash_62198.jpg,0,0,0,3,2,0
unsplash_62412.jpg,0,1,0,8,3,0
unsplash_62553.jpg,0,0,0,8,3,0
unsplash_62585.jpg,0,0,0,3,2,0
unsplash_62668.jpg,0,0,0,1,2,0
unsplash_62760.jpg,0,0,0,3,2,0
unsplash_62812.jpg,0,0,1,8,2,0
unsplash_62921.jpg,0,0,0,8,2,0
unsplash_62978.jpg,0,0,0,8,3,0
unsplash_63003.jpg,0,0,0,8,3,0
unsplash_63145.jpg,0,0,1,0,2,0
unsplash_63432.jpg,0,0,1,1,2,0
unsplash_63587.jpg,0,0,0,1,2,0
unsplash_63717.jpg,0,0,0,0,2,0
unsplash_63800.jpg,1,1,0,2,2,0
unsplash_63832.jpg,0,0,0,1,2,0
unsplash_63916.jpg,1,1,0,5,2,0
unsplash_63948.jpg,0,0,0,8,3,0
unsplash_63987.jpg,0,1,0,8,3,0
unsplash_64150.jpg,0,0,0,8,2,0
unsplash_64240.jpg,0,0,0,7,2,0
unsplash_64638.jpg,0,0,0,8,3,0
unsplash_64644.jpg,1,0,0,8,3,0
unsplash_64676.jpg,0,0,0,3,2,0
unsplash_64702.jpg,0,0,0,8,2,0
unsplash_64760.jpg,0,0,0,8,3,0
unsplash_64830.jpg,1,0,0,7,1,0
unsplash_64914.jpg,0,0,0,0,2,0
unsplash_65167.jpg,0,0,1,1,2,0
unsplash_65193.jpg,0,0,1,8,2,0
unsplash_65376.jpg,0,0,2,0,2,0
unsplash_65459.jpg,0,0,2,8,3,0
unsplash_65651.jpg,0,0,0,8,3,0
unsplash_65664.jpg,0,0,0,8,3,1
unsplash_65735.jpg,0,0,0,1,1,0
unsplash_65923.jpg,0,0,0,3,2,0
unsplash_65974.jpg,0,0,1,8,3,0
unsplash_65987.jpg,0,0,0,3,2,0
unsplash_66032.jpg,0,0,0,1,2,0
unsplash_66108.jpg,0,1,0,8,3,0
unsplash_66263.jpg,0,0,0,8,3,0
unsplash_66388.jpg,0,0,0,8,2,0
unsplash_66413.jpg,0,0,2,0,2,0
unsplash_66669.jpg,0,0,0,8,3,0
unsplash_66813.jpg,0,1,0,6,2,0
unsplash_66826.jpg,0,0,0,8,3,0
unsplash_66942.jpg,0,0,0,1,2,0
unsplash_66993.jpg,0,0,0,8,1,0
unsplash_67136.jpg,0,0,0,8,3,0
unsplash_67213.jpg,0,0,0,8,3,0
unsplash_67226.jpg,0,0,0,8,2,0
unsplash_67329.jpg,0,0,0,8,1,0
unsplash_67665.jpg,0,0,0,8,1,0
unsplash_67716.jpg,1,0,0,5,2,0
unsplash_67748.jpg,0,0,1,1,2,0
unsplash_67780.jpg,0,1,0,8,3,0
unsplash_67799.jpg,0,0,0,8,3,0
unsplash_67959.jpg,0,0,0,8,3,0
unsplash_68076.jpg,0,0,0,1,2,0
unsplash_68160.jpg,0,0,0,8,1,0
unsplash_68277.jpg,0,0,0,8,2,0
unsplash_68354.jpg,0,0,0,3,2,0
unsplash_68948.jpg,1,0,0,8,1,0
unsplash_68973.jpg,0,0,0,8,3,0
unsplash_68999.jpg,0,0,0,8,3,0
unsplash_69051.jpg,1,1,0,8,2,0
unsplash_69064.jpg,0,0,0,1,2,0
unsplash_69109.jpg,0,0,0,2,2,0
unsplash_69122.jpg,0,0,0,8,2,0
unsplash_69135.jpg,0,0,1,8,0,0
unsplash_69316.jpg,0,0,0,8,2,0
unsplash_69374.jpg,0,0,0,1,2,0
unsplash_69470.jpg,0,0,0,3,2,0
unsplash_69528.jpg,0,0,0,1,2,0
unsplash_69566.jpg,0,0,0,8,2,0
unsplash_69585.jpg,0,0,0,1,2,0
unsplash_69604.jpg,0,0,0,8,2,0
unsplash_69636.jpg,0,0,0,1,1,0
unsplash_69784.jpg,0,0,0,1,1,0
unsplash_69877.jpg,0,0,0,8,3,0
unsplash_69953.jpg,0,0,0,8,2,0
unsplash_69966.jpg,0,0,0,1,2,0
unsplash_70187.jpg,0,0,0,8,1,0
unsplash_70322.jpg,0,0,0,8,2,0
unsplash_70335.jpg,0,0,2,1,1,0
unsplash_70438.jpg,0,0,0,8,2,0
unsplash_70444.jpg,0,0,0,8,3,0
unsplash_70683.jpg,0,0,0,8,3,0
unsplash_70828.jpg,0,0,0,8,3,0
unsplash_71143.jpg,0,0,0,8,3,0
unsplash_71228.jpg,0,0,0,8,1,0
unsplash_71480.jpg,0,0,0,3,2,0
unsplash_71499.jpg,0,0,0,3,2,0
unsplash_71562.jpg,0,1,1,8,3,0
unsplash_71588.jpg,0,0,0,8,3,0
unsplash_71789.jpg,0,0,0,1,2,0
unsplash_71965.jpg,0,0,0,8,2,0
unsplash_72107.jpg,0,1,0,0,2,0
unsplash_72159.jpg,0,0,0,1,2,0
unsplash_72172.jpg,0,0,0,8,3,0
unsplash_72210.jpg,0,0,0,2,2,0
unsplash_72281.jpg,0,0,0,8,2,0
unsplash_72402.jpg,0,0,0,1,2,0
unsplash_72653.jpg,0,0,0,8,2,0
unsplash_72685.jpg,0,0,0,7,2,0
unsplash_73112.jpg,0,0,0,8,3,1
unsplash_73279.jpg,0,0,0,8,3,0
unsplash_73410.jpg,0,0,0,8,3,0
unsplash_73488.jpg,0,0,0,3,2,0
unsplash_73700.jpg,0,0,2,1,2,0
unsplash_73817.jpg,0,0,0,1,2,0
unsplash_73862.jpg,0,0,0,8,3,0
unsplash_74018.jpg,0,0,2,8,3,0
unsplash_74063.jpg,0,0,0,8,3,0
unsplash_74159.jpg,0,0,0,1,2,0
unsplash_74374.jpg,0,0,0,8,1,0
unsplash_74387.jpg,0,0,0,8,2,0
unsplash_74484.jpg,0,0,0,1,1,0
unsplash_74715.jpg,0,0,0,3,2,0
unsplash_74812.jpg,0,0,0,1,2,0
unsplash_74870.jpg,0,0,0,3,2,0
unsplash_74928.jpg,0,0,0,8,3,0
unsplash_75245.jpg,0,1,0,8,3,0
unsplash_75283.jpg,0,0,2,8,3,0
unsplash_75378.jpg,0,0,0,0,2,0
unsplash_75435.jpg,0,0,0,1,1,0
unsplash_75533.jpg,0,0,0,1,1,0
unsplash_75700.jpg,0,0,1,5,2,0
unsplash_75719.jpg,0,0,0,8,2,0
unsplash_75997.jpg,0,0,0,8,3,0
unsplash_76010.jpg,0,1,0,0,2,0
unsplash_76106.jpg,0,0,0,1,2,0
unsplash_76274.jpg,0,0,0,0,2,0
unsplash_76287.jpg,0,0,0,1,1,0
unsplash_76403.jpg,1,0,1,1,1,0
unsplash_76495.jpg,0,0,0,1,2,0
unsplash_76527.jpg,0,0,0,8,2,0
unsplash_76642.jpg,0,0,0,8,3,0
unsplash_76693.jpg,0,0,0,8,3,0
unsplash_76731.jpg,0,0,2,1,2,0
unsplash_77029.jpg,0,0,0,8,2,0
unsplash_77176.jpg,0,0,2,8,0,0
unsplash_77416.jpg,0,0,0,1,1,0
unsplash_77448.jpg,0,0,2,3,2,0
unsplash_77659.jpg,0,0,0,1,1,0
unsplash_77756.jpg,1,0,1,2,1,0
unsplash_77823.jpg,0,0,0,8,3,0
unsplash_77907.jpg,0,1,0,1,1,0
unsplash_77932.jpg,1,0,0,5,1,0
unsplash_78003.jpg,0,0,0,8,3,0
unsplash_78177.jpg,0,0,0,1,3,0
unsplash_78269.jpg,0,0,0,8,2,0
unsplash_78392.jpg,0,0,0,8,3,0
unsplash_78449.jpg,0,0,2,3,2,0
unsplash_78551.jpg,0,1,0,8,3,0
unsplash_78589.jpg,0,0,0,1,3,0
unsplash_78634.jpg,0,0,2,1,2,0
unsplash_78699.jpg,0,0,0,1,2,0
unsplash_78759.jpg,0,0,2,1,2,0
unsplash_78772.jpg,1,0,0,5,2,0
unsplash_78964.jpg,0,0,0,1,2,0
unsplash_79034.jpg,0,0,2,8,0,0
unsplash_79150.jpg,0,0,0,8,2,0
unsplash_79306.jpg,0,0,0,1,2,0
unsplash_79364.jpg,0,0,0,8,2,0
unsplash_79429.jpg,0,0,0,8,3,0
unsplash_79467.jpg,0,0,0,3,2,0
unsplash_79543.jpg,0,0,2,8,1,0
unsplash_79829.jpg,0,0,0,8,3,0
unsplash_79971.jpg,0,0,0,8,3,0
unsplash_80154.jpg,0,0,0,8,0,0
unsplash_80243.jpg,0,0,0,8,3,0
unsplash_80423.jpg,0,0,0,1,2,0
unsplash_80487.jpg,0,0,0,8,3,1
unsplash_80657.jpg,0,0,2,1,1,0
unsplash_80734.jpg,0,0,0,0,2,0
unsplash_80823.jpg,0,0,0,1,2,0
unsplash_80874.jpg,0,0,0,1,2,0
unsplash_80887.jpg,1,0,0,8,3,0
unsplash_80900.jpg,0,0,0,1,2,0
unsplash_80932.jpg,0,0,0,8,2,0
unsplash_80998.jpg,0,0,2,8,3,0
unsplash_81017.jpg,0,0,0,1,2,0
unsplash_81108.jpg,0,0,1,1,2,0
unsplash_81134.jpg,0,0,0,8,3,0
unsplash_81218.jpg,0,0,0,8,2,0
unsplash_81224.jpg,0,0,0,1,2,0
unsplash_81307.jpg,0,0,0,8,3,0
unsplash_81778.jpg,0,0,0,1,1,0
unsplash_81844.jpg,0,0,0,8,3,0
unsplash_81915.jpg,0,0,0,8,2,0
unsplash_81960.jpg,0,0,0,8,3,0
unsplash_82044.jpg,0,0,0,1,2,0
unsplash_82095.jpg,0,0,0,3,2,0
unsplash_82269.jpg,0,0,0,1,2,0
unsplash_82857.jpg,0,0,0,8,3,0
unsplash_83056.jpg,0,0,0,8,2,0
unsplash_83159.jpg,0,0,0,8,3,0
unsplash_83296.jpg,0,0,0,1,2,0
unsplash_83341.jpg,0,0,0,8,2,0
unsplash_83412.jpg,0,0,0,0,2,0
unsplash_83827.jpg,0,0,0,8,3,0
unsplash_83936.jpg,0,0,0,8,3,1
unsplash_84239.jpg,0,0,0,1,2,0
unsplash_84277.jpg,0,0,0,8,3,0
unsplash_84321.jpg,0,0,2,1,2,0
unsplash_84459.jpg,0,0,2,0,2,0
unsplash_84465.jpg,0,0,0,8,2,0
unsplash_84548.jpg,0,0,0,8,2,0
unsplash_84624.jpg,0,0,0,8,2,0
unsplash_84707.jpg,0,0,0,8,2,0
unsplash_85172.jpg,0,0,2,1,1,0
unsplash_85191.jpg,0,0,1,3,2,0
unsplash_85308.jpg,0,0,1,8,2,0
unsplash_85405.jpg,0,0,0,3,2,0
unsplash_85470.jpg,0,0,0,3,2,0
unsplash_85767.jpg,0,0,0,8,3,0
unsplash_85845.jpg,0,0,0,0,2,0
unsplash_85870.jpg,0,0,0,8,3,0
unsplash_85928.jpg,0,0,0,1,2,0
unsplash_85966.jpg,0,0,1,8,3,0
unsplash_86282.jpg,0,0,0,1,2,0
unsplash_86474.jpg,0,0,0,1,2,0
unsplash_86650.jpg,0,0,0,7,2,0
unsplash_86708.jpg,0,0,0,8,2,0
unsplash_86890.jpg,0,0,0,8,2,0
unsplash_86935.jpg,0,0,0,8,2,0
unsplash_86986.jpg,0,0,0,8,2,0
unsplash_87248.jpg,0,0,0,8,3,0
unsplash_87274.jpg,0,0,0,8,3,0
unsplash_87299.jpg,0,0,0,7,2,0
unsplash_87902.jpg,0,0,0,8,3,1
unsplash_87994.jpg,0,0,0,8,2,0
unsplash_88089.jpg,1,0,0,8,2,0
unsplash_88225.jpg,0,0,0,8,1,0
unsplash_88427.jpg,0,0,0,5,1,0
unsplash_88479.jpg,0,0,0,8,3,0
unsplash_88504.jpg,1,1,0,2,2,0
unsplash_88568.jpg,0,0,0,8,3,0
unsplash_88638.jpg,0,0,0,8,3,0
unsplash_88715.jpg,0,0,2,1,2,0
unsplash_88820.jpg,0,0,0,1,2,0
unsplash_88877.jpg,0,0,0,8,3,1
unsplash_89115.jpg,0,0,2,1,2,0
unsplash_89450.jpg,0,0,0,0,2,0
unsplash_89623.jpg,0,0,0,1,2,0
unsplash_89709.jpg,0,0,0,0,2,0
unsplash_89722.jpg,0,0,0,8,2,0
unsplash_89819.jpg,1,0,0,8,3,0
unsplash_90178.jpg,0,0,0,3,2,0
unsplash_90600.jpg,0,0,0,1,2,0
unsplash_90947.jpg,0,0,0,1,2,0
unsplash_91098.jpg,0,0,0,8,2,0
unsplash_91111.jpg,0,0,0,0,2,0
unsplash_91258.jpg,0,0,0,8,3,0
unsplash_91309.jpg,0,0,0,8,3,0
unsplash_91502.jpg,0,0,0,1,2,0
unsplash_91527.jpg,0,0,0,8,2,0
unsplash_91593.jpg,0,0,0,1,2,0
unsplash_91612.jpg,0,0,0,1,1,0
unsplash_91804.jpg,0,0,0,3,2,0
unsplash_91868.jpg,0,1,0,8,2,0
unsplash_91977.jpg,0,0,0,1,2,0
unsplash_92120.jpg,0,0,1,1,2,0
unsplash_92184.jpg,0,0,1,8,3,0
unsplash_92267.jpg,0,0,0,8,3,0
unsplash_92321.jpg,0,0,0,1,1,0
unsplash_92366.jpg,0,0,2,8,2,0
unsplash_92417.jpg,0,0,0,8,2,0
unsplash_92488.jpg,0,0,1,1,1,0
unsplash_92501.jpg,0,0,2,7,2,0
unsplash_92597.jpg,0,0,0,8,2,0
unsplash_92623.jpg,0,0,0,0,2,0
unsplash_92810.jpg,0,0,1,8,3,0
unsplash_92941.jpg,0,0,1,8,3,0
unsplash_93018.jpg,0,0,1,8,3,0
unsplash_93147.jpg,0,0,0,0,0,1
unsplash_93333.jpg,0,0,0,6,2,0
unsplash_93521.jpg,0,0,0,8,3,0
unsplash_93585.jpg,0,0,0,8,3,0
unsplash_93913.jpg,0,0,0,1,2,0
unsplash_93926.jpg,0,0,0,0,2,0
unsplash_94061.jpg,0,0,0,0,2,0
unsplash_94229.jpg,0,0,0,3,2,0
unsplash_94409.jpg,0,0,0,8,3,0
unsplash_94518.jpg,0,0,0,6,2,0
unsplash_94589.jpg,0,0,0,8,2,0
unsplash_94634.jpg,0,0,0,2,2,0
unsplash_94673.jpg,0,0,0,1,2,0
unsplash_94765.jpg,0,0,0,1,1,0
unsplash_94791.jpg,0,0,2,8,2,0
unsplash_95165.jpg,0,0,0,6,1,0
unsplash_95399.jpg,0,0,0,1,2,0
unsplash_95978.jpg,0,0,0,8,2,0
unsplash_96113.jpg,0,0,0,8,2,0
unsplash_96507.jpg,0,0,0,0,2,0
unsplash_96610.jpg,0,0,0,6,2,0
unsplash_96681.jpg,0,0,0,8,3,0
unsplash_96748.jpg,0,0,0,1,2,0
unsplash_96858.jpg,0,0,0,8,1,0
unsplash_96922.jpg,0,0,0,0,2,0
unsplash_97019.jpg,0,0,0,4,1,0
unsplash_97057.jpg,0,0,0,1,2,0
unsplash_97108.jpg,0,0,0,1,2,0
unsplash_97251.jpg,0,0,0,1,1,0
unsplash_97264.jpg,0,0,0,8,3,0
unsplash_97340.jpg,0,0,0,1,2,0
unsplash_97398.jpg,0,0,0,8,2,0
unsplash_97642.jpg,0,0,0,1,2,0
unsplash_97721.jpg,0,0,0,1,2,0
unsplash_97753.jpg,0,0,0,8,3,0
unsplash_97766.jpg,0,0,1,1,2,0
unsplash_97843.jpg,0,0,0,8,2,0
unsplash_97952.jpg,0,0,0,8,0,0
unsplash_98080.jpg,0,0,0,1,2,0
unsplash_98099.jpg,0,0,0,1,2,0
unsplash_98172.jpg,0,0,0,8,3,0
unsplash_98249.jpg,0,0,0,0,2,0
unsplash_98364.jpg,0,0,0,8,2,0
unsplash_98536.jpg,0,0,0,0,2,0
unsplash_98628.jpg,0,0,0,8,2,0
unsplash_98654.jpg,0,0,2,0,2,0
unsplash_98860.jpg,0,0,0,3,2,0
unsplash_98931.jpg,0,0,0,1,2,0
unsplash_98944.jpg,0,0,0,5,2,0
unsplash_98995.jpg,0,0,0,6,2,0
unsplash_99014.jpg,0,0,0,8,2,0
unsplash_99085.jpg,0,0,0,1,2,0
unsplash_99160.jpg,0,0,0,8,2,0
unsplash_99179.jpg,0,0,0,8,3,0
unsplash_99353.jpg,1,0,1,6,1,0
unsplash_99378.jpg,0,0,0,0,2,0
unsplash_99719.jpg,1,0,1,6,1,0
unsplash_99757.jpg,0,0,0,8,3,0
unsplash_99872.jpg,0,0,1,1,2,0
unsplash_99989.jpg,0,0,0,1,2,0
unsplash_100233.jpg,0,0,0,1,2,0
unsplash_100677.jpg,0,0,0,1,1,0
unsplash_100754.jpg,1,0,0,1,2,0
unsplash_100813.jpg,0,0,0,0,2,0
unsplash_100960.jpg,0,0,0,1,2,0
unsplash_101005.jpg,0,0,0,1,2,0
unsplash_101069.jpg,0,0,0,1,2,0
unsplash_101121.jpg,0,0,0,8,2,0
unsplash_101244.jpg,0,0,0,3,2,0
unsplash_101581.jpg,0,0,0,1,2,0
unsplash_101824.jpg,0,0,1,1,2,0
unsplash_101975.jpg,0,0,0,6,2,0
unsplash_101988.jpg,0,0,0,8,2,0
unsplash_102001.jpg,1,0,0,8,3,0
unsplash_102058.jpg,0,0,0,8,3,0
unsplash_102363.jpg,0,0,0,1,2,0
unsplash_102504.jpg,0,0,0,8,2,0
unsplash_102536.jpg,0,1,0,8,3,0
unsplash_102626.jpg,0,0,0,6,2,0
unsplash_102729.jpg,0,0,0,8,1,0
unsplash_102793.jpg,0,0,0,1,2,0
unsplash_102812.jpg,0,0,0,3,2,0
unsplash_102992.jpg,0,1,0,8,2,0
unsplash_103255.jpg,0,0,0,8,2,0
unsplash_103344.jpg,0,0,0,8,3,0
unsplash_103376.jpg,0,0,0,1,1,0
unsplash_103395.jpg,0,0,0,8,2,0
unsplash_103498.jpg,0,0,0,8,1,0
unsplash_103633.jpg,0,0,0,8,3,0
unsplash_103646.jpg,0,0,0,8,2,0
unsplash_103699.jpg,0,0,0,1,2,0
unsplash_103725.jpg,0,0,0,1,2,0
unsplash_103898.jpg,0,0,0,3,1,0
unsplash_103924.jpg,0,0,0,8,3,0
unsplash_103956.jpg,0,0,0,1,2,0
unsplash_104058.jpg,0,0,2,8,3,0
unsplash_104097.jpg,0,0,1,0,2,0
unsplash_104373.jpg,0,0,2,0,2,0
unsplash_104695.jpg,0,0,0,8,2,0
unsplash_104752.jpg,0,0,0,8,2,0
unsplash_104830.jpg,0,0,0,0,2,0
unsplash_104926.jpg,0,0,0,0,1,0
unsplash_104971.jpg,0,0,1,8,3,0
unsplash_105003.jpg,1,0,1,8,2,0
unsplash_105205.jpg,0,0,1,8,3,0
unsplash_105314.jpg,0,0,0,8,3,0
unsplash_105422.jpg,0,0,0,1,1,0
unsplash_105486.jpg,0,0,0,1,1,0
unsplash_105791.jpg,0,0,0,1,2,0
unsplash_105817.jpg,0,0,0,0,2,0
unsplash_105862.jpg,0,0,0,8,2,0
unsplash_105888.jpg,0,0,0,8,3,0
unsplash_105901.jpg,0,0,0,0,2,0
unsplash_105946.jpg,0,0,0,6,2,0
unsplash_106032.jpg,0,0,0,1,2,0
unsplash_106096.jpg,0,0,0,0,2,0
unsplash_106386.jpg,0,0,0,6,2,0
unsplash_106637.jpg,0,0,0,0,2,0
unsplash_106669.jpg,0,0,0,1,2,0
unsplash_106771.jpg,0,0,0,1,2,0
unsplash_106861.jpg,0,0,0,1,1,0
unsplash_107171.jpg,1,0,0,8,3,0
unsplash_107379.jpg,0,0,1,8,3,0
unsplash_107706.jpg,0,0,0,3,2,0
unsplash_107751.jpg,0,0,0,6,2,0
unsplash_107764.jpg,0,1,0,8,2,0
unsplash_107959.jpg,1,0,0,1,2,0
unsplash_108095.jpg,0,0,0,1,2,0
unsplash_108230.jpg,0,0,0,6,2,0
unsplash_108269.jpg,0,0,0,1,2,0
unsplash_108336.jpg,0,0,0,8,3,0
unsplash_108658.jpg,0,0,1,8,2,0
unsplash_108898.jpg,0,0,0,1,2,0
unsplash_109051.jpg,0,0,0,8,2,0
unsplash_109064.jpg,0,1,0,1,2,0
unsplash_109089.jpg,0,0,0,8,2,0
unsplash_109140.jpg,0,0,0,1,1,0
unsplash_109172.jpg,0,0,0,8,2,0
unsplash_109198.jpg,0,0,0,8,3,0
unsplash_109604.jpg,0,1,0,8,3,0
unsplash_109644.jpg,0,0,2,0,2,0
unsplash_109715.jpg,0,0,0,1,2,0
unsplash_109760.jpg,0,0,0,8,3,0
unsplash_109837.jpg,0,0,0,1,2,0
unsplash_110017.jpg,0,0,0,1,2,0
unsplash_110289.jpg,0,0,0,8,3,0
